{
  "redirects": [
    {
      "source": "/",
      "destination": "/",
      "permanent": true
    },
    {
      "source": "/informations-legales.html",
      "destination": "/informations-legales.html",
      "permanent": true
    },
    {
      "source": "/securite-des-paiements.html",
      "destination": "/securite-des-paiements.html",
      "permanent": true
    },
    {
      "source": "/about.html",
      "destination": "/about.html",
      "permanent": true
    },
    {
      "source": "/combien-coute-expert-ce.html",
      "destination": "/combien-coute-expert-ce.html",
      "permanent": true
    },
    {
      "source": "/nous-recrutons.html",
      "destination": "/nous-recrutons.html",
      "permanent": true
    },
    {
      "source": "/examen-des-comptes-annuels.html",
      "destination": "/examen-des-comptes-annuels.html",
      "permanent": true
    },
    {
      "source": "/examen-des-comptes-previsionnels.html",
      "destination": "/examen-des-comptes-previsionnels.html",
      "permanent": true
    },
    {
      "source": "/examen-des-orientations-strategiques.html",
      "destination": "/examen-des-orientations-strategiques.html",
      "permanent": true
    },
    {
      "source": "/assistance-de-la-commission-economique.html",
      "destination": "/assistance-de-la-commission-economique.html",
      "permanent": true
    },
    {
      "source": "/assistance-procedure-d-alerte.html",
      "destination": "/assistance-procedure-d-alerte.html",
      "permanent": true
    },
    {
      "source": "/assistance-plan-de-licenciement.html",
      "destination": "/assistance-plan-de-licenciement.html",
      "permanent": true
    },
    {
      "source": "/assistance-operations-de-concentration.html",
      "destination": "/assistance-operations-de-concentration.html",
      "permanent": true
    },
    {
      "source": "/assistance-rapport-annuel-d-activite-de-gestion.html",
      "destination": "/assistance-rapport-annuel-d-activite-de-gestion.html",
      "permanent": true
    },
    {
      "source": "/assistance-compte-rendu-de-fin-de-mandat.html",
      "destination": "/assistance-compte-rendu-de-fin-de-mandat.html",
      "permanent": true
    },
    {
      "source": "/contrat-d-assistance-permanente.html",
      "destination": "/contrat-d-assistance-permanente.html",
      "permanent": true
    },
    {
      "source": "/formations.html",
      "destination": "/formations.html",
      "permanent": true
    },
    {
      "source": "/blog/",
      "destination": "/blog/",
      "permanent": true
    },
    {
      "source": "/blog/Generale/",
      "destination": "/blog/Generale/",
      "permanent": true
    },
    {
      "source": "/blog/actualites-comptables/",
      "destination": "/blog/actualites-comptables/",
      "permanent": true
    },
    {
      "source": "/blog/actualites-juridiques/",
      "destination": "/blog/actualites-juridiques/",
      "permanent": true
    },
    {
      "source": "/blog/2025/10/21/comment-reussir-vos-nao--.html",
      "destination": "/blog/2025/10/21/comment-reussir-vos-nao--.html",
      "permanent": true
    },
    {
      "source": "/blog/2025/10/11/preparons-ensemble-la-consultation-sur-les-orientations-strategiques-en-1-heure.html",
      "destination": "/blog/2025/10/11/preparons-ensemble-la-consultation-sur-les-orientations-strategiques-en-1-heure.html",
      "permanent": true
    },
    {
      "source": "/blog/2025/10/03/que-faire-de-la-subvention-de-fonctionnement--.html",
      "destination": "/blog/2025/10/03/que-faire-de-la-subvention-de-fonctionnement--.html",
      "permanent": true
    },
    {
      "source": "/blog/2025/09/18/suivez-votre-calendrier-economique-du-cse.html",
      "destination": "/blog/2025/09/18/suivez-votre-calendrier-economique-du-cse.html",
      "permanent": true
    },
    {
      "source": "/blog/2025/09/06/qu-est-ce-qui-est-confidentiel.html",
      "destination": "/blog/2025/09/06/qu-est-ce-qui-est-confidentiel.html",
      "permanent": true
    },
    {
      "source": "/blog/2025/08/26/bien-choisir-son-expert-ce-ne-s-improvise-pas.html",
      "destination": "/blog/2025/08/26/bien-choisir-son-expert-ce-ne-s-improvise-pas.html",
      "permanent": true
    },
    {
      "source": "/blog/2025/08/16/comment-bien-mener-la-consultation-economique-du-ce.html",
      "destination": "/blog/2025/08/16/comment-bien-mener-la-consultation-economique-du-ce.html",
      "permanent": true
    },
    {
      "source": "/blog/2025/08/06/comment-bien-gerer-la-tresorerie-du-cse--.html",
      "destination": "/blog/2025/08/06/comment-bien-gerer-la-tresorerie-du-cse--.html",
      "permanent": true
    },
    {
      "source": "/blog/2025/07/15/pourquoi-est-il-important-de-rendre-un-avis-motive--.html",
      "destination": "/blog/2025/07/15/pourquoi-est-il-important-de-rendre-un-avis-motive--.html",
      "permanent": true
    },
    {
      "source": "/blog/2025/06/17/que-doit-contenir-votre-bdese.html",
      "destination": "/blog/2025/06/17/que-doit-contenir-votre-bdese.html",
      "permanent": true
    },
    {
      "source": "/blog/2025/06/08/votre-entreprise-a-t-elle-un-avenir.html",
      "destination": "/blog/2025/06/08/votre-entreprise-a-t-elle-un-avenir.html",
      "permanent": true
    },
    {
      "source": "/blog/2025/05/30/restez-ouverts--meme-quand-la-porte-est-fermee--.html",
      "destination": "/blog/2025/05/30/restez-ouverts--meme-quand-la-porte-est-fermee--.html",
      "permanent": true
    },
    {
      "source": "/blog/2025/05/22/qui-represente-le-cse-dans-les-instances-de-direction--.html",
      "destination": "/blog/2025/05/22/qui-represente-le-cse-dans-les-instances-de-direction--.html",
      "permanent": true
    },
    {
      "source": "/blog/2025/05/02/comment-ameliorer-le-dialogue-social--.html",
      "destination": "/blog/2025/05/02/comment-ameliorer-le-dialogue-social--.html",
      "permanent": true
    },
    {
      "source": "/blog/2025/04/21/le-cse-a-une-personnalite-morale----c-est-a-dire--.html",
      "destination": "/blog/2025/04/21/le-cse-a-une-personnalite-morale----c-est-a-dire--.html",
      "permanent": true
    },
    {
      "source": "/blog/2025/04/14/mes-heures-cse--je-les-mets-en-delegation-ou-en-temps-de-travail--.html",
      "destination": "/blog/2025/04/14/mes-heures-cse--je-les-mets-en-delegation-ou-en-temps-de-travail--.html",
      "permanent": true
    },
    {
      "source": "/blog/2025/03/25/etes-vous-aussi-forts-que-vous-le-pensez--.html",
      "destination": "/blog/2025/03/25/etes-vous-aussi-forts-que-vous-le-pensez--.html",
      "permanent": true
    },
    {
      "source": "/blog/2025/03/12/l-expert-comptable-ce-facilitateur-de-votre-dialogue-social.html",
      "destination": "/blog/2025/03/12/l-expert-comptable-ce-facilitateur-de-votre-dialogue-social.html",
      "permanent": true
    },
    {
      "source": "/blog/2021/05/25/qu-est-ce-qu-un-etablissement-distinct--.html",
      "destination": "/blog/2021/05/25/qu-est-ce-qu-un-etablissement-distinct--.html",
      "permanent": true
    },
    {
      "source": "/blog/2021/04/27/le-rapport-annuel-d-activite-et-de-gestion-du-cse---qu-est-ce--.html",
      "destination": "/blog/2021/04/27/le-rapport-annuel-d-activite-et-de-gestion-du-cse---qu-est-ce--.html",
      "permanent": true
    },
    {
      "source": "/blog/2021/01/12/un-teletravailleur-peut-il-etre-oblige-d-aller-travailler-sur-site--.html",
      "destination": "/blog/2021/01/12/un-teletravailleur-peut-il-etre-oblige-d-aller-travailler-sur-site--.html",
      "permanent": true
    },
    {
      "source": "/blog/2020/05/05/la-bdes-ameliore-t-elle-le-dialogue-social--.html",
      "destination": "/blog/2020/05/05/la-bdes-ameliore-t-elle-le-dialogue-social--.html",
      "permanent": true
    },
    {
      "source": "/blog/2020/05/01/quel-genre-de-travailleur-etes-vous--.html",
      "destination": "/blog/2020/05/01/quel-genre-de-travailleur-etes-vous--.html",
      "permanent": true
    },
    {
      "source": "/blog/2020/03/12/comites-d-entreprise-jouez-collectif.html",
      "destination": "/blog/2020/03/12/comites-d-entreprise-jouez-collectif.html",
      "permanent": true
    },
    {
      "source": "/blog/2020/02/14/et-la-saint-valentin--.html",
      "destination": "/blog/2020/02/14/et-la-saint-valentin--.html",
      "permanent": true
    },
    {
      "source": "/blog/2017/04/11/la-comptine-de-la-cantine-et-du-ce.html",
      "destination": "/blog/2017/04/11/la-comptine-de-la-cantine-et-du-ce.html",
      "permanent": true
    },
    {
      "source": "/blog/2017/03/21/concretisez-le-droit-a-la-deconnexion.html",
      "destination": "/blog/2017/03/21/concretisez-le-droit-a-la-deconnexion.html",
      "permanent": true
    },
    {
      "source": "/blog/2017/03/14/veiller-a-la-bonne-actualisation-de-la-bdes.html",
      "destination": "/blog/2017/03/14/veiller-a-la-bonne-actualisation-de-la-bdes.html",
      "permanent": true
    },
    {
      "source": "/blog/2017/03/07/maitriser-le-nouvel-agenda-social.html",
      "destination": "/blog/2017/03/07/maitriser-le-nouvel-agenda-social.html",
      "permanent": true
    },
    {
      "source": "/blog/2017/02/28/plus-de-flexibilite-pas-sans-l-accord-du-ce.html",
      "destination": "/blog/2017/02/28/plus-de-flexibilite-pas-sans-l-accord-du-ce.html",
      "permanent": true
    },
    {
      "source": "/blog/2017/02/07/accords-d-entreprise-2-2-quels-nouveaux-risques.html",
      "destination": "/blog/2017/02/07/accords-d-entreprise-2-2-quels-nouveaux-risques.html",
      "permanent": true
    },
    {
      "source": "/blog/2017/01/31/accords-d-entreprise-1-2-quelles-nouvelles-possibilites.html",
      "destination": "/blog/2017/01/31/accords-d-entreprise-1-2-quelles-nouvelles-possibilites.html",
      "permanent": true
    },
    {
      "source": "/blog/2017/01/24/les-nouvelles-regles-de-licenciement-economique.html",
      "destination": "/blog/2017/01/24/les-nouvelles-regles-de-licenciement-economique.html",
      "permanent": true
    },
    {
      "source": "/blog/2017/01/17/parite-pour-les-elections-professionnelles.html",
      "destination": "/blog/2017/01/17/parite-pour-les-elections-professionnelles.html",
      "permanent": true
    },
    {
      "source": "/blog/2017/01/09/acces-a-l-intranet-pour-les-syndicats.html",
      "destination": "/blog/2017/01/09/acces-a-l-intranet-pour-les-syndicats.html",
      "permanent": true
    },
    {
      "source": "/blog/2016/07/05/le-systeme-francais-n-incite-pas-a-la-syndicalisation.html",
      "destination": "/blog/2016/07/05/le-systeme-francais-n-incite-pas-a-la-syndicalisation.html",
      "permanent": true
    },
    {
      "source": "/blog/2016/06/30/les-documents-remis-par-votre-direction-doivent-etre-en-francais.html",
      "destination": "/blog/2016/06/30/les-documents-remis-par-votre-direction-doivent-etre-en-francais.html",
      "permanent": true
    },
    {
      "source": "/blog/2016/06/10/soyez-informes-en-etant-formes-1.html",
      "destination": "/blog/2016/06/10/soyez-informes-en-etant-formes-1.html",
      "permanent": true
    },
    {
      "source": "/blog/2016/06/04/votre-employeur-ne-peut-violer-votre-vie-privee.html",
      "destination": "/blog/2016/06/04/votre-employeur-ne-peut-violer-votre-vie-privee.html",
      "permanent": true
    },
    {
      "source": "/blog/2016/05/23/peut-on-s-opposer-a-une-fusion-des-instances-representatives-dans-la-nouvelle-dup.html",
      "destination": "/blog/2016/05/23/peut-on-s-opposer-a-une-fusion-des-instances-representatives-dans-la-nouvelle-dup.html",
      "permanent": true
    },
    {
      "source": "/blog/2016/05/19/ce-comment-organiser-votre-agenda-social-2016.html",
      "destination": "/blog/2016/05/19/ce-comment-organiser-votre-agenda-social-2016.html",
      "permanent": true
    },
    {
      "source": "/blog/2016/05/16/nao-2016-anticipez-les-changements-de-la-loi.html",
      "destination": "/blog/2016/05/16/nao-2016-anticipez-les-changements-de-la-loi.html",
      "permanent": true
    },
    {
      "source": "/blog/2016/05/12/secretaire-du-ce-un-role-difficile.html",
      "destination": "/blog/2016/05/12/secretaire-du-ce-un-role-difficile.html",
      "permanent": true
    },
    {
      "source": "/blog/2016/05/04/que-contient-la-base-de-donnees-economiques-et-sociales.html",
      "destination": "/blog/2016/05/04/que-contient-la-base-de-donnees-economiques-et-sociales.html",
      "permanent": true
    },
    {
      "source": "/blog/2016/05/02/que-contient-la-base-de-donnees-economiques-et-sociales-1.html",
      "destination": "/blog/2016/05/02/que-contient-la-base-de-donnees-economiques-et-sociales-1.html",
      "permanent": true
    },
    {
      "source": "/blog/2016/04/30/pourquoi-un-expert-ce.html",
      "destination": "/blog/2016/04/30/pourquoi-un-expert-ce.html",
      "permanent": true
    },
    {
      "source": "/blog/2016/04/18/interessement-gare-aux-formules-fondees-sur-l-atteinte-du-budget.html",
      "destination": "/blog/2016/04/18/interessement-gare-aux-formules-fondees-sur-l-atteinte-du-budget.html",
      "permanent": true
    },
    {
      "source": "/blog/2016/04/12/participation-protegez-vous-contre-une-baisse-de-vos-resultats.html",
      "destination": "/blog/2016/04/12/participation-protegez-vous-contre-une-baisse-de-vos-resultats.html",
      "permanent": true
    },
    {
      "source": "/blog/2016/04/07/l-evaluation-des-orientations-strategiques-le-point-sur-votre-nouvelle-competence.html",
      "destination": "/blog/2016/04/07/l-evaluation-des-orientations-strategiques-le-point-sur-votre-nouvelle-competence.html",
      "permanent": true
    },
    {
      "source": "/blog/2016/03/29/ce-un-droit-a-l-expertise-pour-les-nouveaux-accords-emploi.html",
      "destination": "/blog/2016/03/29/ce-un-droit-a-l-expertise-pour-les-nouveaux-accords-emploi.html",
      "permanent": true
    },
    {
      "source": "/blog/2016/03/18/vous-voulez-faire-jeu-egal-avec-votre-direction-mandatez-une-expertise-des-comptes.html",
      "destination": "/blog/2016/03/18/vous-voulez-faire-jeu-egal-avec-votre-direction-mandatez-une-expertise-des-comptes.html",
      "permanent": true
    },
    {
      "source": "/contact/",
      "destination": "/contact/",
      "permanent": true
    }
  ]
}
