{
  "posts": [
    {
      "filename": "bien-choisir-son-expert-cse-ne-s-improvise-pas.md",
      "slug": "bien-choisir-son-expert-cse-ne-s-improvise-pas",
      "path": "/content/posts/bien-choisir-son-expert-cse-ne-s-improvise-pas.md"
    },
    {
      "filename": "comment-ameliorer-le-dialogue-social.md",
      "slug": "comment-ameliorer-le-dialogue-social",
      "path": "/content/posts/comment-ameliorer-le-dialogue-social.md"
    },
    {
      "filename": "comment-bien-gerer-la-tresorerie-du-cse.md",
      "slug": "comment-bien-gerer-la-tresorerie-du-cse",
      "path": "/content/posts/comment-bien-gerer-la-tresorerie-du-cse.md"
    },
    {
      "filename": "comment-reussir-vos-nao.md",
      "slug": "comment-reussir-vos-nao",
      "path": "/content/posts/comment-reussir-vos-nao.md"
    },
    {
      "filename": "etes-vous-aussi-forts-que-vous-le-pensez.md",
      "slug": "etes-vous-aussi-forts-que-vous-le-pensez",
      "path": "/content/posts/etes-vous-aussi-forts-que-vous-le-pensez.md"
    },
    {
      "filename": "l-expert-comptable-cse-un-allie-precieux-pour-ouvrir-les-yeux.md",
      "slug": "l-expert-comptable-cse-un-allie-precieux-pour-ouvrir-les-yeux",
      "path": "/content/posts/l-expert-comptable-cse-un-allie-precieux-pour-ouvrir-les-yeux.md"
    },
    {
      "filename": "le-cse-a-une-personnalite-morale-c-est-a-dire.md",
      "slug": "le-cse-a-une-personnalite-morale-c-est-a-dire",
      "path": "/content/posts/le-cse-a-une-personnalite-morale-c-est-a-dire.md"
    },
    {
      "filename": "le-rapport-annuel-d-activite-et-de-gestion-du-cse-qu-est-ce.md",
      "slug": "le-rapport-annuel-d-activite-et-de-gestion-du-cse-qu-est-ce",
      "path": "/content/posts/le-rapport-annuel-d-activite-et-de-gestion-du-cse-qu-est-ce.md"
    },
    {
      "filename": "mes-heures-cse-je-les-mets-en-delegation-ou-en-temps-de-travail.md",
      "slug": "mes-heures-cse-je-les-mets-en-delegation-ou-en-temps-de-travail",
      "path": "/content/posts/mes-heures-cse-je-les-mets-en-delegation-ou-en-temps-de-travail.md"
    },
    {
      "filename": "pourquoi-est-il-important-de-rendre-un-avis-motive-et-comment-faire.md",
      "slug": "pourquoi-est-il-important-de-rendre-un-avis-motive-et-comment-faire",
      "path": "/content/posts/pourquoi-est-il-important-de-rendre-un-avis-motive-et-comment-faire.md"
    },
    {
      "filename": "preparons-ensemble-la-consultation-economique-du-cse-de-votre-entreprise.md",
      "slug": "preparons-ensemble-la-consultation-economique-du-cse-de-votre-entreprise",
      "path": "/content/posts/preparons-ensemble-la-consultation-economique-du-cse-de-votre-entreprise.md"
    },
    {
      "filename": "preparons-ensemble-la-consultation-sur-les-orientations-strategiques-en-1-heure.md",
      "slug": "preparons-ensemble-la-consultation-sur-les-orientations-strategiques-en-1-heure",
      "path": "/content/posts/preparons-ensemble-la-consultation-sur-les-orientations-strategiques-en-1-heure.md"
    },
    {
      "filename": "qu-est-ce-qui-est-confidentiel.md",
      "slug": "qu-est-ce-qui-est-confidentiel",
      "path": "/content/posts/qu-est-ce-qui-est-confidentiel.md"
    },
    {
      "filename": "que-doit-contenir-votre-bdese.md",
      "slug": "que-doit-contenir-votre-bdese",
      "path": "/content/posts/que-doit-contenir-votre-bdese.md"
    },
    {
      "filename": "que-faire-de-la-subvention-de-fonctionnement.md",
      "slug": "que-faire-de-la-subvention-de-fonctionnement",
      "path": "/content/posts/que-faire-de-la-subvention-de-fonctionnement.md"
    },
    {
      "filename": "qui-represente-le-cse-dans-les-instances-de-direction.md",
      "slug": "qui-represente-le-cse-dans-les-instances-de-direction",
      "path": "/content/posts/qui-represente-le-cse-dans-les-instances-de-direction.md"
    },
    {
      "filename": "restez-ouverts-meme-quand-la-porte-est-fermee.md",
      "slug": "restez-ouverts-meme-quand-la-porte-est-fermee",
      "path": "/content/posts/restez-ouverts-meme-quand-la-porte-est-fermee.md"
    },
    {
      "filename": "suivez-votre-calendrier-economique-du-cse.md",
      "slug": "suivez-votre-calendrier-economique-du-cse",
      "path": "/content/posts/suivez-votre-calendrier-economique-du-cse.md"
    },
    {
      "filename": "un-etablissement-distinct-c-est-quoi.md",
      "slug": "un-etablissement-distinct-c-est-quoi",
      "path": "/content/posts/un-etablissement-distinct-c-est-quoi.md"
    },
    {
      "filename": "votre-entreprise-a-t-elle-un-avenir.md",
      "slug": "votre-entreprise-a-t-elle-un-avenir",
      "path": "/content/posts/votre-entreprise-a-t-elle-un-avenir.md"
    }
  ],
  "pages": [],
  "categories": []
}
